"study_id","site_id","core_id","depth_min","depth_max","sample_id","dry_bulk_density","fraction_carbon","Method","U_depth_m","L_depth_m","Database","core_year","core_month","core_day","core_latitude","core_longitude","core_position_method","core_elevation","core_elevation_datum","core_elevation_method","salinity_class","salinity_method","vegetation_class","vegetation_method","inundation_class","inundation_method","core_length_flag","Habitat_type","Latitude","Longitude"
"Fell_et_al_2021","GTMNERRSouthern","NM1GW",4,5,"NM1GW_5",0.85059792213144,0.077,"EA",0.04,0.05,"individual",2018,5,23,29.7273944444444,-81.2405444444444,"handheld",0.4468888889,"NAVD88","RTK-GPS",NA,NA,"scrub shrub","field observation","low","field observation","core depth limited by length of corer","mangrove",29.7273944444444,-81.2405444444444
"Fell_et_al_2021","GTMNERRSouthern","NM1GW",14,15,"NM1GW_15",0.860734976221358,0.074,"EA",0.14,0.15,"individual",2018,5,23,29.7273944444444,-81.2405444444444,"handheld",0.4468888889,"NAVD88","RTK-GPS",NA,NA,"scrub shrub","field observation","low","field observation","core depth limited by length of corer","mangrove",29.7273944444444,-81.2405444444444
"Fell_et_al_2021","GTMNERRSouthern","NM1GW",29,30,"NM1GW_30",0.923414621269317,0.051,"EA",0.29,0.3,"individual",2018,5,23,29.7273944444444,-81.2405444444444,"handheld",0.4468888889,"NAVD88","RTK-GPS",NA,NA,"scrub shrub","field observation","low","field observation","core depth limited by length of corer","mangrove",29.7273944444444,-81.2405444444444
"Fell_et_al_2021","GTMNERRSouthern","NM2GW",4,5,"NM2GW_5",0.792459268815414,0.103,"EA",0.04,0.05,"individual",2018,5,23,29.7271972222222,-81.2400416666667,"handheld",0.503155556,"NAVD88","RTK-GPS",NA,NA,"scrub shrub","field observation","low","field observation","core depth limited by length of corer","mangrove",29.7271972222222,-81.2400416666667
"Fell_et_al_2021","GTMNERRSouthern","NM2GW",14,15,"NM2GW_15",0.648240202958416,0.047,"EA",0.14,0.15,"individual",2018,5,23,29.7271972222222,-81.2400416666667,"handheld",0.503155556,"NAVD88","RTK-GPS",NA,NA,"scrub shrub","field observation","low","field observation","core depth limited by length of corer","mangrove",29.7271972222222,-81.2400416666667
"Fell_et_al_2021","GTMNERRSouthern","NM2GW",29,30,"NM2GW_30",1.00832054032108,0.07,"EA",0.29,0.3,"individual",2018,5,23,29.7271972222222,-81.2400416666667,"handheld",0.503155556,"NAVD88","RTK-GPS",NA,NA,"scrub shrub","field observation","low","field observation","core depth limited by length of corer","mangrove",29.7271972222222,-81.2400416666667
"Fell_et_al_2021","GTMNERRSouthern","NM3GW",4,5,"NM3GW_5",0.697115756497275,0.092,"EA",0.04,0.05,"individual",2018,5,23,29.72705,-81.2400944444445,"handheld",0.48748888889,"NAVD88","RTK-GPS","saline","measurement","scrub shrub","field observation","low","field observation","core depth limited by length of corer","mangrove",29.72705,-81.2400944444445
"Fell_et_al_2021","GTMNERRSouthern","NM3GW",14,15,"NM3GW_15",0.63470564379465,0.064,"EA",0.14,0.15,"individual",2018,5,23,29.72705,-81.2400944444445,"handheld",0.48748888889,"NAVD88","RTK-GPS","saline","measurement","scrub shrub","field observation","low","field observation","core depth limited by length of corer","mangrove",29.72705,-81.2400944444445
"Fell_et_al_2021","GTMNERRSouthern","NM3GW",29,30,"NM3GW_30",0.909848090133434,0.04,"EA",0.29,0.3,"individual",2018,5,23,29.72705,-81.2400944444445,"handheld",0.48748888889,"NAVD88","RTK-GPS","saline","measurement","scrub shrub","field observation","low","field observation","core depth limited by length of corer","mangrove",29.72705,-81.2400944444445
"Fell_et_al_2021","GTMNERRSouthern","NM4GW",4,5,"NM4GW_5",0.77037017044976,0.06,"EA",0.04,0.05,"individual",2018,5,23,29.7276472222222,-81.2399555555556,"handheld",0.4864666667,"NAVD88","RTK-GPS","saline","measurement","scrub shrub","field observation","low","field observation","core depth limited by length of corer","mangrove",29.7276472222222,-81.2399555555556
"Fell_et_al_2021","GTMNERRSouthern","NM4GW",14,15,"NM4GW_15",0.67993972611771,0.043,"EA",0.14,0.15,"individual",2018,5,23,29.7276472222222,-81.2399555555556,"handheld",0.4864666667,"NAVD88","RTK-GPS","saline","measurement","scrub shrub","field observation","low","field observation","core depth limited by length of corer","mangrove",29.7276472222222,-81.2399555555556
"Fell_et_al_2021","GTMNERRSouthern","NM4GW",29,30,"NM4GW_30",0.709095203721758,0.053,"EA",0.29,0.3,"individual",2018,5,23,29.7276472222222,-81.2399555555556,"handheld",0.4864666667,"NAVD88","RTK-GPS","saline","measurement","scrub shrub","field observation","low","field observation","core depth limited by length of corer","mangrove",29.7276472222222,-81.2399555555556
"Fell_et_al_2021","GTMNERRSouthern","NM5GW",4,5,"NM5GW_5",NA,NA,"EA",0.04,0.05,"individual",2018,5,23,29.7273583333333,-81.2404944444445,"handheld",0.44631111,"NAVD88","RTK-GPS",NA,NA,"scrub shrub","field observation","low","field observation","core depth limited by length of corer","mangrove",29.7273583333333,-81.2404944444445
"Fell_et_al_2021","GTMNERRSouthern","NM5GW",14,15,"NM5GW_15",NA,NA,"EA",0.14,0.15,"individual",2018,5,23,29.7273583333333,-81.2404944444445,"handheld",0.44631111,"NAVD88","RTK-GPS",NA,NA,"scrub shrub","field observation","low","field observation","core depth limited by length of corer","mangrove",29.7273583333333,-81.2404944444445
"Fell_et_al_2021","GTMNERRSouthern","NM5GW",29,30,"NM5GW_30",0.470513571512793,0.062,"EA",0.29,0.3,"individual",2018,5,23,29.7273583333333,-81.2404944444445,"handheld",0.44631111,"NAVD88","RTK-GPS",NA,NA,"scrub shrub","field observation","low","field observation","core depth limited by length of corer","mangrove",29.7273583333333,-81.2404944444445
"Fell_et_al_2021","GTMNERRSouthern","NM6GW",4,5,"NM6GW_5",0.671218455772227,0.062,"EA",0.04,0.05,"individual",2018,5,23,29.7271194444444,-81.24045,"handheld",0.4652888889,"NAVD88","RTK-GPS","saline","measurement","scrub shrub","field observation","low","field observation","core depth limited by length of corer","mangrove",29.7271194444444,-81.24045
"Fell_et_al_2021","GTMNERRSouthern","NM6GW",14,15,"NM6GW_15",0.671524770417318,0.088,"EA",0.14,0.15,"individual",2018,5,23,29.7271194444444,-81.24045,"handheld",0.4652888889,"NAVD88","RTK-GPS","saline","measurement","scrub shrub","field observation","low","field observation","core depth limited by length of corer","mangrove",29.7271194444444,-81.24045
"Fell_et_al_2021","GTMNERRSouthern","NM6GW",29,30,"NM6GW_30",0.679780861145615,0.034,"EA",0.29,0.3,"individual",2018,5,23,29.7271194444444,-81.24045,"handheld",0.4652888889,"NAVD88","RTK-GPS","saline","measurement","scrub shrub","field observation","low","field observation","core depth limited by length of corer","mangrove",29.7271194444444,-81.24045
"Fell_et_al_2021","GTMNERRSouthern","NM1GC",4,5,"NM1GC_5",0.639368215677485,0.06,"EA",0.04,0.05,"individual",2018,5,23,29.7273527777778,-81.2405694444444,"handheld",0.42456667,"NAVD88","RTK-GPS",NA,NA,"scrub shrub","field observation","low","field observation","core depth limited by length of corer","mangrove",29.7273527777778,-81.2405694444444
"Fell_et_al_2021","GTMNERRSouthern","NM1GC",14,15,"NM1GC_15",0.63017626975831,0.056,"EA",0.14,0.15,"individual",2018,5,23,29.7273527777778,-81.2405694444444,"handheld",0.42456667,"NAVD88","RTK-GPS",NA,NA,"scrub shrub","field observation","low","field observation","core depth limited by length of corer","mangrove",29.7273527777778,-81.2405694444444
"Fell_et_al_2021","GTMNERRSouthern","NM1GC",29,30,"NM1GC_30",0.825222934296122,0.093,"EA",0.29,0.3,"individual",2018,5,23,29.7273527777778,-81.2405694444444,"handheld",0.42456667,"NAVD88","RTK-GPS",NA,NA,"scrub shrub","field observation","low","field observation","core depth limited by length of corer","mangrove",29.7273527777778,-81.2405694444444
"Fell_et_al_2021","GTMNERRSouthern","NM2GC",4,5,"NM2GC_5",1.09137220776918,0.06,"EA",0.04,0.05,"individual",2018,5,23,29.7273777777778,-81.2400222222222,"handheld",0.496522222,"NAVD88","RTK-GPS",NA,NA,"scrub shrub","field observation","low","field observation","core depth limited by length of corer","mangrove",29.7273777777778,-81.2400222222222
"Fell_et_al_2021","GTMNERRSouthern","NM2GC",14,15,"NM2GC_15",1.13079640812987,0.074,"EA",0.14,0.15,"individual",2018,5,23,29.7273777777778,-81.2400222222222,"handheld",0.496522222,"NAVD88","RTK-GPS",NA,NA,"scrub shrub","field observation","low","field observation","core depth limited by length of corer","mangrove",29.7273777777778,-81.2400222222222
"Fell_et_al_2021","GTMNERRSouthern","NM2GC",29,30,"NM2GC_30",NA,NA,"EA",0.29,0.3,"individual",2018,5,23,29.7273777777778,-81.2400222222222,"handheld",0.496522222,"NAVD88","RTK-GPS",NA,NA,"scrub shrub","field observation","low","field observation","core depth limited by length of corer","mangrove",29.7273777777778,-81.2400222222222
"Fell_et_al_2021","GTMNERRSouthern","NM3GC",4,5,"NM3GC_5",0.778937232244625,0.058,"EA",0.04,0.05,"individual",2018,5,23,29.7270861111111,-81.2400861111111,"handheld",0.4949,"NAVD88","RTK-GPS","saline","measurement","scrub shrub","field observation","low","field observation","core depth limited by length of corer","mangrove",29.7270861111111,-81.2400861111111
"Fell_et_al_2021","GTMNERRSouthern","NM3GC",14,15,"NM3GC_15",0.468451762049215,0.031,"EA",0.14,0.15,"individual",2018,5,23,29.7270861111111,-81.2400861111111,"handheld",0.4949,"NAVD88","RTK-GPS","saline","measurement","scrub shrub","field observation","low","field observation","core depth limited by length of corer","mangrove",29.7270861111111,-81.2400861111111
"Fell_et_al_2021","GTMNERRSouthern","NM3GC",29,30,"NM3GC_30",NA,NA,"EA",0.29,0.3,"individual",2018,5,23,29.7270861111111,-81.2400861111111,"handheld",0.4949,"NAVD88","RTK-GPS","saline","measurement","scrub shrub","field observation","low","field observation","core depth limited by length of corer","mangrove",29.7270861111111,-81.2400861111111
"Fell_et_al_2021","GTMNERRSouthern","NM4GC",4,5,"NM4GC_5",0.787920173726858,0.034,"EA",0.04,0.05,"individual",2018,5,23,29.7276333333333,-81.2397555555556,"handheld",0.48771111,"NAVD88","RTK-GPS","saline","measurement","scrub shrub","field observation","low","field observation","core depth limited by length of corer","mangrove",29.7276333333333,-81.2397555555556
"Fell_et_al_2021","GTMNERRSouthern","NM4GC",14,15,"NM4GC_15",0.432639804482748,NA,"EA",0.14,0.15,"individual",2018,5,23,29.7276333333333,-81.2397555555556,"handheld",0.48771111,"NAVD88","RTK-GPS","saline","measurement","scrub shrub","field observation","low","field observation","core depth limited by length of corer","mangrove",29.7276333333333,-81.2397555555556
"Fell_et_al_2021","GTMNERRSouthern","NM4GC",29,30,"NM4GC_30",NA,NA,"EA",0.29,0.3,"individual",2018,5,23,29.7276333333333,-81.2397555555556,"handheld",0.48771111,"NAVD88","RTK-GPS","saline","measurement","scrub shrub","field observation","low","field observation","core depth limited by length of corer","mangrove",29.7276333333333,-81.2397555555556
"Fell_et_al_2021","GTMNERRSouthern","NM5GC",4,5,"NM5GC_5",0.681163508407976,NA,"EA",0.04,0.05,"individual",2018,5,23,29.7275111111111,-81.240275,"handheld",0.495322222,"NAVD88","RTK-GPS",NA,NA,"scrub shrub","field observation","low","field observation","core depth limited by length of corer","mangrove",29.7275111111111,-81.240275
"Fell_et_al_2021","GTMNERRSouthern","NM5GC",14,15,"NM5GC_15",0.758495129463796,NA,"EA",0.14,0.15,"individual",2018,5,23,29.7275111111111,-81.240275,"handheld",0.495322222,"NAVD88","RTK-GPS",NA,NA,"scrub shrub","field observation","low","field observation","core depth limited by length of corer","mangrove",29.7275111111111,-81.240275
"Fell_et_al_2021","GTMNERRSouthern","NM5GC",29,30,"NM5GC_30",1.25338956196203,0.016,"EA",0.29,0.3,"individual",2018,5,23,29.7275111111111,-81.240275,"handheld",0.495322222,"NAVD88","RTK-GPS",NA,NA,"scrub shrub","field observation","low","field observation","core depth limited by length of corer","mangrove",29.7275111111111,-81.240275
"Fell_et_al_2021","GTMNERRSouthern","NM6GC",4,5,"NM6GC_5",0.678067073763665,0.033,"EA",0.04,0.05,"individual",2018,5,23,29.7270305555556,-81.2403944444444,"handheld",0.4870555556,"NAVD88","RTK-GPS","saline","measurement","scrub shrub","field observation","low","field observation","core depth limited by length of corer","mangrove",29.7270305555556,-81.2403944444444
"Fell_et_al_2021","GTMNERRSouthern","NM6GC",14,15,"NM6GC_15",0.554594744097554,0.02,"EA",0.14,0.15,"individual",2018,5,23,29.7270305555556,-81.2403944444444,"handheld",0.4870555556,"NAVD88","RTK-GPS","saline","measurement","scrub shrub","field observation","low","field observation","core depth limited by length of corer","mangrove",29.7270305555556,-81.2403944444444
"Fell_et_al_2021","GTMNERRSouthern","NM6GC",29,30,"NM6GC_30",0.72773788468341,0.033,"EA",0.29,0.3,"individual",2018,5,23,29.7270305555556,-81.2403944444444,"handheld",0.4870555556,"NAVD88","RTK-GPS","saline","measurement","scrub shrub","field observation","low","field observation","core depth limited by length of corer","mangrove",29.7270305555556,-81.2403944444444
"Fell_et_al_2021","GTMNERRSouthern","NM1MW",4,5,"NM1MW_5",0.692307745348908,0.06,"EA",0.04,0.05,"individual",2018,5,23,29.7274055555556,-81.2404666666667,"handheld",0.4704777778,"NAVD88","RTK-GPS",NA,NA,"scrub shrub","field observation","low","field observation","core depth limited by length of corer","mangrove",29.7274055555556,-81.2404666666667
"Fell_et_al_2021","GTMNERRSouthern","NM1MW",14,15,"NM1MW_15",0.73002547664376,0.078,"EA",0.14,0.15,"individual",2018,5,23,29.7274055555556,-81.2404666666667,"handheld",0.4704777778,"NAVD88","RTK-GPS",NA,NA,"scrub shrub","field observation","low","field observation","core depth limited by length of corer","mangrove",29.7274055555556,-81.2404666666667
"Fell_et_al_2021","GTMNERRSouthern","NM1MW",29,30,"NM1MW_30",0.558979815175097,0.034,"EA",0.29,0.3,"individual",2018,5,23,29.7274055555556,-81.2404666666667,"handheld",0.4704777778,"NAVD88","RTK-GPS",NA,NA,"scrub shrub","field observation","low","field observation","core depth limited by length of corer","mangrove",29.7274055555556,-81.2404666666667
"Fell_et_al_2021","GTMNERRSouthern","NM2MW",4,5,"NM2MW_5",0.605171409055625,0.03,"EA",0.04,0.05,"individual",2018,5,23,29.7272861111111,-81.2399638888889,"handheld",0.498,"NAVD88","RTK-GPS",NA,NA,"scrub shrub","field observation","low","field observation","core depth limited by length of corer","mangrove",29.7272861111111,-81.2399638888889
"Fell_et_al_2021","GTMNERRSouthern","NM2MW",14,15,"NM2MW_15",0.821456959154373,0.12,"EA",0.14,0.15,"individual",2018,5,23,29.7272861111111,-81.2399638888889,"handheld",0.498,"NAVD88","RTK-GPS",NA,NA,"scrub shrub","field observation","low","field observation","core depth limited by length of corer","mangrove",29.7272861111111,-81.2399638888889
"Fell_et_al_2021","GTMNERRSouthern","NM2MW",29,30,"NM2MW_30",0.58584430634715,NA,"EA",0.29,0.3,"individual",2018,5,23,29.7272861111111,-81.2399638888889,"handheld",0.498,"NAVD88","RTK-GPS",NA,NA,"scrub shrub","field observation","low","field observation","core depth limited by length of corer","mangrove",29.7272861111111,-81.2399638888889
"Fell_et_al_2021","GTMNERRSouthern","NM3MW",4,5,"NM3MW_5",0.63403647008045,0.095,"EA",0.04,0.05,"individual",2018,5,23,29.7270194444444,-81.2400527777778,"handheld",0.484966667,"NAVD88","RTK-GPS","saline","measurement","scrub shrub","field observation","low","field observation","core depth limited by length of corer","mangrove",29.7270194444444,-81.2400527777778
"Fell_et_al_2021","GTMNERRSouthern","NM3MW",14,15,"NM3MW_15",0.561324506880927,0.066,"EA",0.14,0.15,"individual",2018,5,23,29.7270194444444,-81.2400527777778,"handheld",0.484966667,"NAVD88","RTK-GPS","saline","measurement","scrub shrub","field observation","low","field observation","core depth limited by length of corer","mangrove",29.7270194444444,-81.2400527777778
"Fell_et_al_2021","GTMNERRSouthern","NM3MW",29,30,"NM3MW_30",0.680583441694857,0.044,"EA",0.29,0.3,"individual",2018,5,23,29.7270194444444,-81.2400527777778,"handheld",0.484966667,"NAVD88","RTK-GPS","saline","measurement","scrub shrub","field observation","low","field observation","core depth limited by length of corer","mangrove",29.7270194444444,-81.2400527777778
"Fell_et_al_2021","GTMNERRSouthern","NM4MW",4,5,"NM4MW_5",0.543176252367317,0.043,"EA",0.04,0.05,"individual",2018,5,23,29.7275277777778,-81.2399166666667,"handheld",0.4940777778,"NAVD88","RTK-GPS","saline","measurement","scrub shrub","field observation","low","field observation","core depth limited by length of corer","mangrove",29.7275277777778,-81.2399166666667
"Fell_et_al_2021","GTMNERRSouthern","NM4MW",14,15,"NM4MW_15",0.6358055260779,0.052,"EA",0.14,0.15,"individual",2018,5,23,29.7275277777778,-81.2399166666667,"handheld",0.4940777778,"NAVD88","RTK-GPS","saline","measurement","scrub shrub","field observation","low","field observation","core depth limited by length of corer","mangrove",29.7275277777778,-81.2399166666667
"Fell_et_al_2021","GTMNERRSouthern","NM4MW",29,30,"NM4MW_30",0.567872448147815,NA,"EA",0.29,0.3,"individual",2018,5,23,29.7275277777778,-81.2399166666667,"handheld",0.4940777778,"NAVD88","RTK-GPS","saline","measurement","scrub shrub","field observation","low","field observation","core depth limited by length of corer","mangrove",29.7275277777778,-81.2399166666667
"Fell_et_al_2021","GTMNERRSouthern","NM5MW",4,5,"NM5MW_5",0.770931696747626,0.093,"EA",0.04,0.05,"individual",2018,5,23,29.7274194444444,-81.2404,"handheld",0.481788889,"NAVD88","RTK-GPS",NA,NA,"scrub shrub","field observation","low","field observation","core depth limited by length of corer","mangrove",29.7274194444444,-81.2404
"Fell_et_al_2021","GTMNERRSouthern","NM5MW",14,15,"NM5MW_15",0.622264288791712,0.055,"EA",0.14,0.15,"individual",2018,5,23,29.7274194444444,-81.2404,"handheld",0.481788889,"NAVD88","RTK-GPS",NA,NA,"scrub shrub","field observation","low","field observation","core depth limited by length of corer","mangrove",29.7274194444444,-81.2404
"Fell_et_al_2021","GTMNERRSouthern","NM5MW",29,30,"NM5MW_30",0.709311666471643,0.062,"EA",0.29,0.3,"individual",2018,5,23,29.7274194444444,-81.2404,"handheld",0.481788889,"NAVD88","RTK-GPS",NA,NA,"scrub shrub","field observation","low","field observation","core depth limited by length of corer","mangrove",29.7274194444444,-81.2404
"Fell_et_al_2021","GTMNERRSouthern","NM6MW",4,5,"NM6MW_5",0.758495959533573,0.083,"EA",0.04,0.05,"individual",2018,5,23,29.7270888888889,-81.2403416666667,"handheld",0.4939777778,"NAVD88","RTK-GPS","saline","measurement","scrub shrub","field observation","low","field observation","core depth limited by length of corer","mangrove",29.7270888888889,-81.2403416666667
"Fell_et_al_2021","GTMNERRSouthern","NM6MW",14,15,"NM6MW_15",0.815534855690498,0.084,"EA",0.14,0.15,"individual",2018,5,23,29.7270888888889,-81.2403416666667,"handheld",0.4939777778,"NAVD88","RTK-GPS","saline","measurement","scrub shrub","field observation","low","field observation","core depth limited by length of corer","mangrove",29.7270888888889,-81.2403416666667
"Fell_et_al_2021","GTMNERRSouthern","NM6MW",29,30,"NM6MW_30",0.806864336558916,0.059,"EA",0.29,0.3,"individual",2018,5,23,29.7270888888889,-81.2403416666667,"handheld",0.4939777778,"NAVD88","RTK-GPS","saline","measurement","scrub shrub","field observation","low","field observation","core depth limited by length of corer","mangrove",29.7270888888889,-81.2403416666667
"Fell_et_al_2021","GTMNERRSouthern","NM1MC",4,5,"NM1MC_5",NA,NA,"EA",0.04,0.05,"individual",2018,5,23,29.7273138888889,-81.2404444444444,"handheld",0.442711111,"NAVD88","RTK-GPS",NA,NA,"scrub shrub","field observation","low","field observation","core depth limited by length of corer","mangrove",29.7273138888889,-81.2404444444444
"Fell_et_al_2021","GTMNERRSouthern","NM1MC",14,15,"NM1MC_15",NA,NA,"EA",0.14,0.15,"individual",2018,5,23,29.7273138888889,-81.2404444444444,"handheld",0.442711111,"NAVD88","RTK-GPS",NA,NA,"scrub shrub","field observation","low","field observation","core depth limited by length of corer","mangrove",29.7273138888889,-81.2404444444444
"Fell_et_al_2021","GTMNERRSouthern","NM1MC",29,30,"NM1MC_30",0.724079807324779,0.063,"EA",0.29,0.3,"individual",2018,5,23,29.7273138888889,-81.2404444444444,"handheld",0.442711111,"NAVD88","RTK-GPS",NA,NA,"scrub shrub","field observation","low","field observation","core depth limited by length of corer","mangrove",29.7273138888889,-81.2404444444444
"Fell_et_al_2021","GTMNERRSouthern","NM2MC",4,5,"NM2MC_5",0.6318924867563,0.052,"EA",0.04,0.05,"individual",2018,5,23,29.7272222222222,-81.2399666666667,"handheld",0.4916555556,"NAVD88","RTK-GPS",NA,NA,"scrub shrub","field observation","low","field observation","core depth limited by length of corer","mangrove",29.7272222222222,-81.2399666666667
"Fell_et_al_2021","GTMNERRSouthern","NM2MC",14,15,"NM2MC_15",0.809214849235189,0.113,"EA",0.14,0.15,"individual",2018,5,23,29.7272222222222,-81.2399666666667,"handheld",0.4916555556,"NAVD88","RTK-GPS",NA,NA,"scrub shrub","field observation","low","field observation","core depth limited by length of corer","mangrove",29.7272222222222,-81.2399666666667
"Fell_et_al_2021","GTMNERRSouthern","NM2MC",29,30,"NM2MC_30",0.993519893451107,0.091,"EA",0.29,0.3,"individual",2018,5,23,29.7272222222222,-81.2399666666667,"handheld",0.4916555556,"NAVD88","RTK-GPS",NA,NA,"scrub shrub","field observation","low","field observation","core depth limited by length of corer","mangrove",29.7272222222222,-81.2399666666667
"Fell_et_al_2021","GTMNERRSouthern","NM3MC",4,5,"NM3MC_5",0.661294956180225,0.042,"EA",0.04,0.05,"individual",2018,5,23,29.7271055555556,-81.2400055555556,"handheld",0.494111111,"NAVD88","RTK-GPS","saline","measurement","scrub shrub","field observation","low","field observation","core depth limited by length of corer","mangrove",29.7271055555556,-81.2400055555556
"Fell_et_al_2021","GTMNERRSouthern","NM3MC",14,15,"NM3MC_15",0.775383433150775,0.075,"EA",0.14,0.15,"individual",2018,5,23,29.7271055555556,-81.2400055555556,"handheld",0.494111111,"NAVD88","RTK-GPS","saline","measurement","scrub shrub","field observation","low","field observation","core depth limited by length of corer","mangrove",29.7271055555556,-81.2400055555556
"Fell_et_al_2021","GTMNERRSouthern","NM3MC",29,30,"NM3MC_30",0.726495563137336,0.041,"EA",0.29,0.3,"individual",2018,5,23,29.7271055555556,-81.2400055555556,"handheld",0.494111111,"NAVD88","RTK-GPS","saline","measurement","scrub shrub","field observation","low","field observation","core depth limited by length of corer","mangrove",29.7271055555556,-81.2400055555556
"Fell_et_al_2021","GTMNERRSouthern","NM4MC",4,5,"NM4MC_5",0.788758379382947,0.058,"EA",0.04,0.05,"individual",2018,5,23,29.7276222222222,-81.2398944444444,"handheld",0.491077778,"NAVD88","RTK-GPS","saline","measurement","scrub shrub","field observation","low","field observation","core depth limited by length of corer","mangrove",29.7276222222222,-81.2398944444444
"Fell_et_al_2021","GTMNERRSouthern","NM4MC",14,15,"NM4MC_15",0.80643143345673,0.069,"EA",0.14,0.15,"individual",2018,5,23,29.7276222222222,-81.2398944444444,"handheld",0.491077778,"NAVD88","RTK-GPS","saline","measurement","scrub shrub","field observation","low","field observation","core depth limited by length of corer","mangrove",29.7276222222222,-81.2398944444444
"Fell_et_al_2021","GTMNERRSouthern","NM4MC",29,30,"NM4MC_30",0.536174427443572,NA,"EA",0.29,0.3,"individual",2018,5,23,29.7276222222222,-81.2398944444444,"handheld",0.491077778,"NAVD88","RTK-GPS","saline","measurement","scrub shrub","field observation","low","field observation","core depth limited by length of corer","mangrove",29.7276222222222,-81.2398944444444
"Fell_et_al_2021","GTMNERRSouthern","NM5MC",4,5,"NM5MC_5",0.697847555176622,0.092,"EA",0.04,0.05,"individual",2018,5,23,29.7274638888889,-81.2403305555556,"handheld",0.4739888889,"NAVD88","RTK-GPS",NA,NA,"scrub shrub","field observation","low","field observation","core depth limited by length of corer","mangrove",29.7274638888889,-81.2403305555556
"Fell_et_al_2021","GTMNERRSouthern","NM5MC",14,15,"NM5MC_15",0.706874443619176,0.096,"EA",0.14,0.15,"individual",2018,5,23,29.7274638888889,-81.2403305555556,"handheld",0.4739888889,"NAVD88","RTK-GPS",NA,NA,"scrub shrub","field observation","low","field observation","core depth limited by length of corer","mangrove",29.7274638888889,-81.2403305555556
"Fell_et_al_2021","GTMNERRSouthern","NM5MC",29,30,"NM5MC_30",0.830010600075974,0.05,"EA",0.29,0.3,"individual",2018,5,23,29.7274638888889,-81.2403305555556,"handheld",0.4739888889,"NAVD88","RTK-GPS",NA,NA,"scrub shrub","field observation","low","field observation","core depth limited by length of corer","mangrove",29.7274638888889,-81.2403305555556
"Fell_et_al_2021","GTMNERRSouthern","NM6MC",4,5,"NM6MC_5",0.746142090314959,0.083,"EA",0.04,0.05,"individual",2018,5,23,29.7271444444444,-81.2403861111111,"handheld",0.486111111,"NAVD88","RTK-GPS","saline","measurement","scrub shrub","field observation","low","field observation","core depth limited by length of corer","mangrove",29.7271444444444,-81.2403861111111
"Fell_et_al_2021","GTMNERRSouthern","NM6MC",14,15,"NM6MC_15",0.751788422116899,0.089,"EA",0.14,0.15,"individual",2018,5,23,29.7271444444444,-81.2403861111111,"handheld",0.486111111,"NAVD88","RTK-GPS","saline","measurement","scrub shrub","field observation","low","field observation","core depth limited by length of corer","mangrove",29.7271444444444,-81.2403861111111
"Fell_et_al_2021","GTMNERRSouthern","NM6MC",29,30,"NM6MC_30",0.601724628396011,0.039,"EA",0.29,0.3,"individual",2018,5,23,29.7271444444444,-81.2403861111111,"handheld",0.486111111,"NAVD88","RTK-GPS","saline","measurement","scrub shrub","field observation","low","field observation","core depth limited by length of corer","mangrove",29.7271444444444,-81.2403861111111
"Fell_et_al_2021","GTMNERRMiddle","GC1GW",4,5,"GC1GW_5",0.719240783054013,0.076,"EA",0.04,0.05,"individual",2018,5,24,29.8359233389697,-81.2950067263765,"handheld",0.59302222,"NAVD88","RTK-GPS",NA,NA,"emergent","field observation","low","field observation","core depth limited by length of corer","mangrove",29.8359233389697,-81.2950067263765
"Fell_et_al_2021","GTMNERRMiddle","GC1GW",14,15,"GC1GW_15",0.716693644718374,0.082,"EA",0.14,0.15,"individual",2018,5,24,29.8359233389697,-81.2950067263765,"handheld",0.59302222,"NAVD88","RTK-GPS",NA,NA,"emergent","field observation","low","field observation","core depth limited by length of corer","mangrove",29.8359233389697,-81.2950067263765
"Fell_et_al_2021","GTMNERRMiddle","GC1GW",29,30,"GC1GW_30",0.52775069851685,0.017,"EA",0.29,0.3,"individual",2018,5,24,29.8359233389697,-81.2950067263765,"handheld",0.59302222,"NAVD88","RTK-GPS",NA,NA,"emergent","field observation","low","field observation","core depth limited by length of corer","mangrove",29.8359233389697,-81.2950067263765
"Fell_et_al_2021","GTMNERRMiddle","GC2GW",4,5,"GC2GW_5",0.67509943431049,0.036,"EA",0.04,0.05,"individual",2018,5,24,29.8362147531435,-81.2952685737373,"handheld",0.62724444,"NAVD88","RTK-GPS",NA,NA,"emergent","field observation","low","field observation","core depth limited by length of corer","mangrove",29.8362147531435,-81.2952685737373
"Fell_et_al_2021","GTMNERRMiddle","GC2GW",14,15,"GC2GW_15",0.563322105538269,0.02,"EA",0.14,0.15,"individual",2018,5,24,29.8362147531435,-81.2952685737373,"handheld",0.62724444,"NAVD88","RTK-GPS",NA,NA,"emergent","field observation","low","field observation","core depth limited by length of corer","mangrove",29.8362147531435,-81.2952685737373
"Fell_et_al_2021","GTMNERRMiddle","GC2GW",29,30,"GC2GW_30",0.639080370828912,0.021,"EA",0.29,0.3,"individual",2018,5,24,29.8362147531435,-81.2952685737373,"handheld",0.62724444,"NAVD88","RTK-GPS",NA,NA,"emergent","field observation","low","field observation","core depth limited by length of corer","mangrove",29.8362147531435,-81.2952685737373
"Fell_et_al_2021","GTMNERRMiddle","GC3GW",4,5,"GC3GW_5",0.660487792677393,0.067,"EA",0.04,0.05,"individual",2018,5,24,29.8360158531999,-81.2950103185041,"handheld",0.5940555556,"NAVD88","RTK-GPS",NA,NA,"emergent","field observation","low","field observation","core depth limited by length of corer","mangrove",29.8360158531999,-81.2950103185041
"Fell_et_al_2021","GTMNERRMiddle","GC3GW",14,15,"GC3GW_15",0.663374269686128,0.07,"EA",0.14,0.15,"individual",2018,5,24,29.8360158531999,-81.2950103185041,"handheld",0.5940555556,"NAVD88","RTK-GPS",NA,NA,"emergent","field observation","low","field observation","core depth limited by length of corer","mangrove",29.8360158531999,-81.2950103185041
"Fell_et_al_2021","GTMNERRMiddle","GC3GW",29,30,"GC3GW_30",0.828992125585435,0.048,"EA",0.29,0.3,"individual",2018,5,24,29.8360158531999,-81.2950103185041,"handheld",0.5940555556,"NAVD88","RTK-GPS",NA,NA,"emergent","field observation","low","field observation","core depth limited by length of corer","mangrove",29.8360158531999,-81.2950103185041
"Fell_et_al_2021","GTMNERRMiddle","GC4GW",4,5,"GC4GW_5",0.799755503054437,0.101,"EA",0.04,0.05,"individual",2018,5,24,29.8356762151292,-81.294791969267,"handheld",0.578511111,"NAVD88","RTK-GPS","saline","measurement","emergent","field observation","low","field observation","core depth limited by length of corer","mangrove",29.8356762151292,-81.294791969267
"Fell_et_al_2021","GTMNERRMiddle","GC4GW",14,15,"GC4GW_15",0.707696419447392,0.057,"EA",0.14,0.15,"individual",2018,5,24,29.8356762151292,-81.294791969267,"handheld",0.578511111,"NAVD88","RTK-GPS","saline","measurement","emergent","field observation","low","field observation","core depth limited by length of corer","mangrove",29.8356762151292,-81.294791969267
"Fell_et_al_2021","GTMNERRMiddle","GC4GW",29,30,"GC4GW_30",0.369284719219868,NA,"EA",0.29,0.3,"individual",2018,5,24,29.8356762151292,-81.294791969267,"handheld",0.578511111,"NAVD88","RTK-GPS","saline","measurement","emergent","field observation","low","field observation","core depth limited by length of corer","mangrove",29.8356762151292,-81.294791969267
"Fell_et_al_2021","GTMNERRMiddle","GC5GW",4,5,"GC5GW_5",0.633145462406163,0.034,"EA",0.04,0.05,"individual",2018,5,24,29.8363357149886,-81.2952038301478,"handheld",0.63806667,"NAVD88","RTK-GPS",NA,NA,"emergent","field observation","low","field observation","core depth limited by length of corer","mangrove",29.8363357149886,-81.2952038301478
"Fell_et_al_2021","GTMNERRMiddle","GC5GW",14,15,"GC5GW_15",0.610533124463085,0.026,"EA",0.14,0.15,"individual",2018,5,24,29.8363357149886,-81.2952038301478,"handheld",0.63806667,"NAVD88","RTK-GPS",NA,NA,"emergent","field observation","low","field observation","core depth limited by length of corer","mangrove",29.8363357149886,-81.2952038301478
"Fell_et_al_2021","GTMNERRMiddle","GC5GW",29,30,"GC5GW_30",0.614655807856709,0.02,"EA",0.29,0.3,"individual",2018,5,24,29.8363357149886,-81.2952038301478,"handheld",0.63806667,"NAVD88","RTK-GPS",NA,NA,"emergent","field observation","low","field observation","core depth limited by length of corer","mangrove",29.8363357149886,-81.2952038301478
"Fell_et_al_2021","GTMNERRMiddle","GC6GW",4,5,"GC6GW_5",0.722546953694814,0.081,"EA",0.04,0.05,"individual",2018,5,24,29.8357122219961,-81.2949989415262,"handheld",0.577977778,"NAVD88","RTK-GPS",NA,NA,"emergent","field observation","low","field observation","core depth limited by length of corer","mangrove",29.8357122219961,-81.2949989415262
"Fell_et_al_2021","GTMNERRMiddle","GC6GW",14,15,"GC6GW_15",0.716026969836434,0.084,"EA",0.14,0.15,"individual",2018,5,24,29.8357122219961,-81.2949989415262,"handheld",0.577977778,"NAVD88","RTK-GPS",NA,NA,"emergent","field observation","low","field observation","core depth limited by length of corer","mangrove",29.8357122219961,-81.2949989415262
"Fell_et_al_2021","GTMNERRMiddle","GC6GW",29,30,"GC6GW_30",0.720004818955927,0.041,"EA",0.29,0.3,"individual",2018,5,24,29.8357122219961,-81.2949989415262,"handheld",0.577977778,"NAVD88","RTK-GPS",NA,NA,"emergent","field observation","low","field observation","core depth limited by length of corer","mangrove",29.8357122219961,-81.2949989415262
"Fell_et_al_2021","GTMNERRMiddle","GC1GC",4,5,"GC1GC_5",0.788765095412516,0.085,"EA",0.04,0.05,"individual",2018,5,24,29.8360414048373,-81.2951397806209,"handheld",0.6101222,"NAVD88","RTK-GPS",NA,NA,"emergent","field observation","low","field observation","core depth limited by length of corer","mangrove",29.8360414048373,-81.2951397806209
"Fell_et_al_2021","GTMNERRMiddle","GC1GC",14,15,"GC1GC_15",0.701187735928051,0.047,"EA",0.14,0.15,"individual",2018,5,24,29.8360414048373,-81.2951397806209,"handheld",0.6101222,"NAVD88","RTK-GPS",NA,NA,"emergent","field observation","low","field observation","core depth limited by length of corer","mangrove",29.8360414048373,-81.2951397806209
"Fell_et_al_2021","GTMNERRMiddle","GC1GC",29,30,"GC1GC_30",0.690513993671486,0.031,"EA",0.29,0.3,"individual",2018,5,24,29.8360414048373,-81.2951397806209,"handheld",0.6101222,"NAVD88","RTK-GPS",NA,NA,"emergent","field observation","low","field observation","core depth limited by length of corer","mangrove",29.8360414048373,-81.2951397806209
"Fell_et_al_2021","GTMNERRMiddle","GC2GC",4,5,"GC2GC_5",0.67022409092061,0.042,"EA",0.04,0.05,"individual",2018,5,24,29.8361680059335,-81.2952703486905,"handheld",0.6101625,"NAVD88","RTK-GPS",NA,NA,"emergent","field observation","low","field observation","core depth limited by length of corer","mangrove",29.8361680059335,-81.2952703486905
"Fell_et_al_2021","GTMNERRMiddle","GC2GC",14,15,"GC2GC_15",0.71447364883874,0.047,"EA",0.14,0.15,"individual",2018,5,24,29.8361680059335,-81.2952703486905,"handheld",0.6101625,"NAVD88","RTK-GPS",NA,NA,"emergent","field observation","low","field observation","core depth limited by length of corer","mangrove",29.8361680059335,-81.2952703486905
"Fell_et_al_2021","GTMNERRMiddle","GC2GC",29,30,"GC2GC_30",0.459722347691219,0.019,"EA",0.29,0.3,"individual",2018,5,24,29.8361680059335,-81.2952703486905,"handheld",0.6101625,"NAVD88","RTK-GPS",NA,NA,"emergent","field observation","low","field observation","core depth limited by length of corer","mangrove",29.8361680059335,-81.2952703486905
"Fell_et_al_2021","GTMNERRMiddle","GC3GC",4,5,"GC3GC_5",NA,NA,"EA",0.04,0.05,"individual",2018,5,24,29.8360556816165,-81.2949550970361,"handheld",0.5708556,"NAVD88","RTK-GPS",NA,NA,"emergent","field observation","low","field observation","core depth limited by length of corer","mangrove",29.8360556816165,-81.2949550970361
"Fell_et_al_2021","GTMNERRMiddle","GC3GC",14,15,"GC3GC_15",NA,NA,"EA",0.14,0.15,"individual",2018,5,24,29.8360556816165,-81.2949550970361,"handheld",0.5708556,"NAVD88","RTK-GPS",NA,NA,"emergent","field observation","low","field observation","core depth limited by length of corer","mangrove",29.8360556816165,-81.2949550970361
"Fell_et_al_2021","GTMNERRMiddle","GC3GC",29,30,"GC3GC_30",0.57204945914336,0.017,"EA",0.29,0.3,"individual",2018,5,24,29.8360556816165,-81.2949550970361,"handheld",0.5708556,"NAVD88","RTK-GPS",NA,NA,"emergent","field observation","low","field observation","core depth limited by length of corer","mangrove",29.8360556816165,-81.2949550970361
"Fell_et_al_2021","GTMNERRMiddle","GC4GC",4,5,"GC4GC_5",0.781924157935973,0.111,"EA",0.04,0.05,"individual",2018,5,24,29.8356912655632,-81.294861694199,"handheld",0.5788555556,"NAVD88","RTK-GPS","saline","measurement","emergent","field observation","low","field observation","core depth limited by length of corer","mangrove",29.8356912655632,-81.294861694199
"Fell_et_al_2021","GTMNERRMiddle","GC4GC",14,15,"GC4GC_15",0.737915610786696,0.112,"EA",0.14,0.15,"individual",2018,5,24,29.8356912655632,-81.294861694199,"handheld",0.5788555556,"NAVD88","RTK-GPS","saline","measurement","emergent","field observation","low","field observation","core depth limited by length of corer","mangrove",29.8356912655632,-81.294861694199
"Fell_et_al_2021","GTMNERRMiddle","GC4GC",20,30,"GC4GC_30",NA,0.044,"EA",0.2,0.3,"individual",2018,5,24,29.8356912655632,-81.294861694199,"handheld",0.5788555556,"NAVD88","RTK-GPS","saline","measurement","emergent","field observation","low","field observation","core depth limited by length of corer","mangrove",29.8356912655632,-81.294861694199
"Fell_et_al_2021","GTMNERRMiddle","GC5GC",4,5,"GC5GC_5",0.714580876023619,0.026,"EA",0.04,0.05,"individual",2018,5,24,29.8363713883048,-81.2952403804175,"handheld",0.64087778,"NAVD88","RTK-GPS","saline","measurement","emergent","field observation","low","field observation","core depth limited by length of corer","mangrove",29.8363713883048,-81.2952403804175
"Fell_et_al_2021","GTMNERRMiddle","GC5GC",14,15,"GC5GC_15",0.328625416343945,0.006,"EA",0.14,0.15,"individual",2018,5,24,29.8363713883048,-81.2952403804175,"handheld",0.64087778,"NAVD88","RTK-GPS","saline","measurement","emergent","field observation","low","field observation","core depth limited by length of corer","mangrove",29.8363713883048,-81.2952403804175
"Fell_et_al_2021","GTMNERRMiddle","GC5GC",29,30,"GC5GC_30",0.61272791587613,0.016,"EA",0.29,0.3,"individual",2018,5,24,29.8363713883048,-81.2952403804175,"handheld",0.64087778,"NAVD88","RTK-GPS","saline","measurement","emergent","field observation","low","field observation","core depth limited by length of corer","mangrove",29.8363713883048,-81.2952403804175
"Fell_et_al_2021","GTMNERRMiddle","GC6GC",4,5,"GC6GC_5",0.699526339783108,0.086,"EA",0.04,0.05,"individual",2018,5,24,29.8356647218424,-81.2949539524034,"handheld",0.580144444,"NAVD88","RTK-GPS","saline","measurement","emergent","field observation","low","field observation","core depth limited by length of corer","mangrove",29.8356647218424,-81.2949539524034
"Fell_et_al_2021","GTMNERRMiddle","GC6GC",14,15,"GC6GC_15",0.55383440221877,0.1,"EA",0.14,0.15,"individual",2018,5,24,29.8356647218424,-81.2949539524034,"handheld",0.580144444,"NAVD88","RTK-GPS","saline","measurement","emergent","field observation","low","field observation","core depth limited by length of corer","mangrove",29.8356647218424,-81.2949539524034
"Fell_et_al_2021","GTMNERRMiddle","GC6GC",29,30,"GC6GC_30",0.822933716243088,0.089,"EA",0.29,0.3,"individual",2018,5,24,29.8356647218424,-81.2949539524034,"handheld",0.580144444,"NAVD88","RTK-GPS","saline","measurement","emergent","field observation","low","field observation","core depth limited by length of corer","mangrove",29.8356647218424,-81.2949539524034
"Fell_et_al_2021","GTMNERRMiddle","GC1MW",4,5,"GC1MW_5",0.831159780459972,0.032,"EA",0.04,0.05,"individual",2018,5,24,29.8359092620841,-81.2950997455404,"handheld",0.6004111111,"NAVD88","RTK-GPS",NA,NA,"emergent","field observation","low","field observation","core depth limited by length of corer","mangrove",29.8359092620841,-81.2950997455404
"Fell_et_al_2021","GTMNERRMiddle","GC1MW",14,15,"GC1MW_15",0.600050949727313,0.023,"EA",0.14,0.15,"individual",2018,5,24,29.8359092620841,-81.2950997455404,"handheld",0.6004111111,"NAVD88","RTK-GPS",NA,NA,"emergent","field observation","low","field observation","core depth limited by length of corer","mangrove",29.8359092620841,-81.2950997455404
"Fell_et_al_2021","GTMNERRMiddle","GC1MW",29,30,"GC1MW_30",0.78563297618536,0.059,"EA",0.29,0.3,"individual",2018,5,24,29.8359092620841,-81.2950997455404,"handheld",0.6004111111,"NAVD88","RTK-GPS",NA,NA,"emergent","field observation","low","field observation","core depth limited by length of corer","mangrove",29.8359092620841,-81.2950997455404
"Fell_et_al_2021","GTMNERRMiddle","GC2MW",4,5,"GC2MW_5",0.669875829709316,0.041,"EA",0.04,0.05,"individual",2018,5,24,29.8360919884264,-81.2952886388623,"handheld",0.598977778,"NAVD88","RTK-GPS",NA,NA,"emergent","field observation","low","field observation","core depth limited by length of corer","mangrove",29.8360919884264,-81.2952886388623
"Fell_et_al_2021","GTMNERRMiddle","GC2MW",14,15,"GC2MW_15",0.780172772434721,0.072,"EA",0.14,0.15,"individual",2018,5,24,29.8360919884264,-81.2952886388623,"handheld",0.598977778,"NAVD88","RTK-GPS",NA,NA,"emergent","field observation","low","field observation","core depth limited by length of corer","mangrove",29.8360919884264,-81.2952886388623
"Fell_et_al_2021","GTMNERRMiddle","GC2MW",29,30,"GC2MW_30",0.752512826475303,0.033,"EA",0.29,0.3,"individual",2018,5,24,29.8360919884264,-81.2952886388623,"handheld",0.598977778,"NAVD88","RTK-GPS",NA,NA,"emergent","field observation","low","field observation","core depth limited by length of corer","mangrove",29.8360919884264,-81.2952886388623
"Fell_et_al_2021","GTMNERRMiddle","GC3MW",4,5,"GC3MW_5",0.731928652394584,0.061,"EA",0.04,0.05,"individual",2018,5,24,29.8360356579636,-81.2948710191838,"handheld",0.5698111111,"NAVD88","RTK-GPS",NA,NA,"emergent","field observation","low","field observation","core depth limited by length of corer","mangrove",29.8360356579636,-81.2948710191838
"Fell_et_al_2021","GTMNERRMiddle","GC3MW",14,15,"GC3MW_15",0.64559407302598,0.04,"EA",0.14,0.15,"individual",2018,5,24,29.8360356579636,-81.2948710191838,"handheld",0.5698111111,"NAVD88","RTK-GPS",NA,NA,"emergent","field observation","low","field observation","core depth limited by length of corer","mangrove",29.8360356579636,-81.2948710191838
"Fell_et_al_2021","GTMNERRMiddle","GC3MW",29,30,"GC3MW_30",0.686938450654404,0.033,"EA",0.29,0.3,"individual",2018,5,24,29.8360356579636,-81.2948710191838,"handheld",0.5698111111,"NAVD88","RTK-GPS",NA,NA,"emergent","field observation","low","field observation","core depth limited by length of corer","mangrove",29.8360356579636,-81.2948710191838
"Fell_et_al_2021","GTMNERRMiddle","GC4MW",4,5,"GC4MW_5",0.584741416580944,0.084,"EA",0.04,0.05,"individual",2018,5,24,29.8357837562538,-81.2947579412059,"handheld",0.5581777778,"NAVD88","RTK-GPS","saline","measurement","emergent","field observation","low","field observation","core depth limited by length of corer","mangrove",29.8357837562538,-81.2947579412059
"Fell_et_al_2021","GTMNERRMiddle","GC4MW",14,15,"GC4MW_15",0.577066152483868,0.081,"EA",0.14,0.15,"individual",2018,5,24,29.8357837562538,-81.2947579412059,"handheld",0.5581777778,"NAVD88","RTK-GPS","saline","measurement","emergent","field observation","low","field observation","core depth limited by length of corer","mangrove",29.8357837562538,-81.2947579412059
"Fell_et_al_2021","GTMNERRMiddle","GC4MW",29,30,"GC4MW_30",0.626147859922179,0.035,"EA",0.29,0.3,"individual",2018,5,24,29.8357837562538,-81.2947579412059,"handheld",0.5581777778,"NAVD88","RTK-GPS","saline","measurement","emergent","field observation","low","field observation","core depth limited by length of corer","mangrove",29.8357837562538,-81.2947579412059
"Fell_et_al_2021","GTMNERRMiddle","GC5MW",4,5,"GC5MW_5",0.590804569691729,0.02,"EA",0.04,0.05,"individual",2018,5,24,29.8363144804085,-81.2952835537983,"handheld",0.6525444,"NAVD88","RTK-GPS","saline","measurement","emergent","field observation","low","field observation","core depth limited by length of corer","mangrove",29.8363144804085,-81.2952835537983
"Fell_et_al_2021","GTMNERRMiddle","GC5MW",14,15,"GC5MW_15",0.609447133486837,0.018,"EA",0.14,0.15,"individual",2018,5,24,29.8363144804085,-81.2952835537983,"handheld",0.6525444,"NAVD88","RTK-GPS","saline","measurement","emergent","field observation","low","field observation","core depth limited by length of corer","mangrove",29.8363144804085,-81.2952835537983
"Fell_et_al_2021","GTMNERRMiddle","GC5MW",29,30,"GC5MW_30",0.719718217163658,NA,"EA",0.29,0.3,"individual",2018,5,24,29.8363144804085,-81.2952835537983,"handheld",0.6525444,"NAVD88","RTK-GPS","saline","measurement","emergent","field observation","low","field observation","core depth limited by length of corer","mangrove",29.8363144804085,-81.2952835537983
"Fell_et_al_2021","GTMNERRMiddle","GC6MW",4,5,"GC6MW_5",0.735813134753043,0.105,"EA",0.04,0.05,"individual",2018,5,24,29.8356619119257,-81.2950724886279,"handheld",0.5777722222,"NAVD88","RTK-GPS","saline","measurement","emergent","field observation","low","field observation","core depth limited by length of corer","mangrove",29.8356619119257,-81.2950724886279
"Fell_et_al_2021","GTMNERRMiddle","GC6MW",14,15,"GC6MW_15",0.717274106651786,0.072,"EA",0.14,0.15,"individual",2018,5,24,29.8356619119257,-81.2950724886279,"handheld",0.5777722222,"NAVD88","RTK-GPS","saline","measurement","emergent","field observation","low","field observation","core depth limited by length of corer","mangrove",29.8356619119257,-81.2950724886279
"Fell_et_al_2021","GTMNERRMiddle","GC6MW",29,30,"GC6MW_30",0.810737643844689,0.057,"EA",0.29,0.3,"individual",2018,5,24,29.8356619119257,-81.2950724886279,"handheld",0.5777722222,"NAVD88","RTK-GPS","saline","measurement","emergent","field observation","low","field observation","core depth limited by length of corer","mangrove",29.8356619119257,-81.2950724886279
"Fell_et_al_2021","GTMNERRMiddle","GC1MC",4,5,"GC1MC_5",0.70156670348735,0.077,"EA",0.04,0.05,"individual",2018,5,24,29.8359663598718,-81.2949548556527,"handheld",0.5870111111,"NAVD88","RTK-GPS",NA,NA,"emergent","field observation","low","field observation","core depth limited by length of corer","mangrove",29.8359663598718,-81.2949548556527
"Fell_et_al_2021","GTMNERRMiddle","GC1MC",14,15,"GC1MC_15",0.709831670440248,0.103,"EA",0.14,0.15,"individual",2018,5,24,29.8359663598718,-81.2949548556527,"handheld",0.5870111111,"NAVD88","RTK-GPS",NA,NA,"emergent","field observation","low","field observation","core depth limited by length of corer","mangrove",29.8359663598718,-81.2949548556527
"Fell_et_al_2021","GTMNERRMiddle","GC1MC",29,30,"GC1MC_30",0.617936712633241,0.023,"EA",0.29,0.3,"individual",2018,5,24,29.8359663598718,-81.2949548556527,"handheld",0.5870111111,"NAVD88","RTK-GPS",NA,NA,"emergent","field observation","low","field observation","core depth limited by length of corer","mangrove",29.8359663598718,-81.2949548556527
"Fell_et_al_2021","GTMNERRMiddle","GC2MC",4,5,"GC2MC_5",0.730519662174503,0.029,"EA",0.04,0.05,"individual",2018,5,24,29.8361317093907,-81.2952465798016,"handheld",0.6075555556,"NAVD88","RTK-GPS",NA,NA,"emergent","field observation","low","field observation","core depth limited by length of corer","mangrove",29.8361317093907,-81.2952465798016
"Fell_et_al_2021","GTMNERRMiddle","GC2MC",14,15,"GC2MC_15",0.788440578763705,0.037,"EA",0.14,0.15,"individual",2018,5,24,29.8361317093907,-81.2952465798016,"handheld",0.6075555556,"NAVD88","RTK-GPS",NA,NA,"emergent","field observation","low","field observation","core depth limited by length of corer","mangrove",29.8361317093907,-81.2952465798016
"Fell_et_al_2021","GTMNERRMiddle","GC2MC",29,30,"GC2MC_30",0.559366840397406,0.023,"EA",0.29,0.3,"individual",2018,5,24,29.8361317093907,-81.2952465798016,"handheld",0.6075555556,"NAVD88","RTK-GPS",NA,NA,"emergent","field observation","low","field observation","core depth limited by length of corer","mangrove",29.8361317093907,-81.2952465798016
"Fell_et_al_2021","GTMNERRMiddle","GC3MC",4,5,"GC3MC_5",0.656685813106047,0.059,"EA",0.04,0.05,"individual",2018,5,24,29.8360075169579,-81.2949050661165,"handheld",0.5835555556,"NAVD88","RTK-GPS",NA,NA,"emergent","field observation","low","field observation","core depth limited by length of corer","mangrove",29.8360075169579,-81.2949050661165
"Fell_et_al_2021","GTMNERRMiddle","GC3MC",14,15,"GC3MC_15",0.587891731451019,0.086,"EA",0.14,0.15,"individual",2018,5,24,29.8360075169579,-81.2949050661165,"handheld",0.5835555556,"NAVD88","RTK-GPS",NA,NA,"emergent","field observation","low","field observation","core depth limited by length of corer","mangrove",29.8360075169579,-81.2949050661165
"Fell_et_al_2021","GTMNERRMiddle","GC3MC",29,30,"GC3MC_30",0.900011993774049,0.061,"EA",0.29,0.3,"individual",2018,5,24,29.8360075169579,-81.2949050661165,"handheld",0.5835555556,"NAVD88","RTK-GPS",NA,NA,"emergent","field observation","low","field observation","core depth limited by length of corer","mangrove",29.8360075169579,-81.2949050661165
"Fell_et_al_2021","GTMNERRMiddle","GC4MC",4,5,"GC4MC_5",0.756660191925398,0.107,"EA",0.04,0.05,"individual",2018,5,24,29.8357197444561,-81.2947771431118,"handheld",0.568111111,"NAVD88","RTK-GPS","saline","measurement","emergent","field observation","low","field observation","core depth limited by length of corer","mangrove",29.8357197444561,-81.2947771431118
"Fell_et_al_2021","GTMNERRMiddle","GC4MC",14,15,"GC4MC_15",0.769605261434055,0.141,"EA",0.14,0.15,"individual",2018,5,24,29.8357197444561,-81.2947771431118,"handheld",0.568111111,"NAVD88","RTK-GPS","saline","measurement","emergent","field observation","low","field observation","core depth limited by length of corer","mangrove",29.8357197444561,-81.2947771431118
"Fell_et_al_2021","GTMNERRMiddle","GC4MC",29,30,"GC4MC_30",0.869128927300133,0.06,"EA",0.29,0.3,"individual",2018,5,24,29.8357197444561,-81.2947771431118,"handheld",0.568111111,"NAVD88","RTK-GPS","saline","measurement","emergent","field observation","low","field observation","core depth limited by length of corer","mangrove",29.8357197444561,-81.2947771431118
"Fell_et_al_2021","GTMNERRMiddle","GC5MC",4,5,"GC5MC_5",0.8001512001512,0.049,"EA",0.04,0.05,"individual",2018,5,24,29.8363838551519,-81.2951849423438,"handheld",0.6394222222,"NAVD88","RTK-GPS","saline","measurement","emergent","field observation","low","field observation","core depth limited by length of corer","mangrove",29.8363838551519,-81.2951849423438
"Fell_et_al_2021","GTMNERRMiddle","GC5MC",14,15,"GC5MC_15",0.694011790257524,0.027,"EA",0.14,0.15,"individual",2018,5,24,29.8363838551519,-81.2951849423438,"handheld",0.6394222222,"NAVD88","RTK-GPS","saline","measurement","emergent","field observation","low","field observation","core depth limited by length of corer","mangrove",29.8363838551519,-81.2951849423438
"Fell_et_al_2021","GTMNERRMiddle","GC5MC",29,30,"GC5MC_30",0.721041230323523,0.027,"EA",0.29,0.3,"individual",2018,5,24,29.8363838551519,-81.2951849423438,"handheld",0.6394222222,"NAVD88","RTK-GPS","saline","measurement","emergent","field observation","low","field observation","core depth limited by length of corer","mangrove",29.8363838551519,-81.2951849423438
"Fell_et_al_2021","GTMNERRMiddle","GC6MC",4,5,"GC6MC_5",0.828672410246088,0.11,"EA",0.04,0.05,"individual",2018,5,24,29.8356524975,-81.2950066178421,"handheld",0.5834,"NAVD88","RTK-GPS","saline","measurement","emergent","field observation","low","field observation","core depth limited by length of corer","mangrove",29.8356524975,-81.2950066178421
"Fell_et_al_2021","GTMNERRMiddle","GC6MC",14,15,"GC6MC_15",0.79141940479047,0.105,"EA",0.14,0.15,"individual",2018,5,24,29.8356524975,-81.2950066178421,"handheld",0.5834,"NAVD88","RTK-GPS","saline","measurement","emergent","field observation","low","field observation","core depth limited by length of corer","mangrove",29.8356524975,-81.2950066178421
"Fell_et_al_2021","GTMNERRNorthern","GC6MC",29,30,"GC6MC_30",0.864575500524065,NA,"EA",0.29,0.3,"individual",NA,NA,NA,NA,NA,NA,NA,NA,NA,NA,NA,NA,NA,NA,NA,NA,"mangrove",NA,NA
"Fell_et_al_2021","GTMNERRNorthern","SG1GW",4,5,"SG1GW_5",0.617596092528356,NA,"EA",0.04,0.05,"individual",2018,5,25,30.0116444444444,-81.3443111111111,"handheld",0.352411,"NAVD88","RTK-GPS",NA,NA,"emergent","field observation","low","field observation","core depth limited by length of corer","mangrove",30.0116444444444,-81.3443111111111
"Fell_et_al_2021","GTMNERRNorthern","SG1GW",14,15,"SG1GW_15",0.634788208464406,NA,"EA",0.14,0.15,"individual",2018,5,25,30.0116444444444,-81.3443111111111,"handheld",0.352411,"NAVD88","RTK-GPS",NA,NA,"emergent","field observation","low","field observation","core depth limited by length of corer","mangrove",30.0116444444444,-81.3443111111111
"Fell_et_al_2021","GTMNERRNorthern","SG1GW",29,30,"SG1GW_30",0.693142167260785,0.055,"EA",0.29,0.3,"individual",2018,5,25,30.0116444444444,-81.3443111111111,"handheld",0.352411,"NAVD88","RTK-GPS",NA,NA,"emergent","field observation","low","field observation","core depth limited by length of corer","mangrove",30.0116444444444,-81.3443111111111
"Fell_et_al_2021","GTMNERRNorthern","SG2GW",4,5,"SG2GW_5",0.588479458284906,0.059,"EA",0.04,0.05,"individual",2018,5,25,30.0117694444444,-81.3441666666667,"handheld",0.4500222,"NAVD88","RTK-GPS","estuarine","measurement","emergent","field observation","low","field observation","core depth limited by length of corer","mangrove",30.0117694444444,-81.3441666666667
"Fell_et_al_2021","GTMNERRNorthern","SG2GW",14,15,"SG2GW_15",0.533104403257018,0.063,"EA",0.14,0.15,"individual",2018,5,25,30.0117694444444,-81.3441666666667,"handheld",0.4500222,"NAVD88","RTK-GPS","estuarine","measurement","emergent","field observation","low","field observation","core depth limited by length of corer","mangrove",30.0117694444444,-81.3441666666667
"Fell_et_al_2021","GTMNERRNorthern","SG2GW",29,30,"SG2GW_30",1.37931847659474,NA,"EA",0.29,0.3,"individual",2018,5,25,30.0117694444444,-81.3441666666667,"handheld",0.4500222,"NAVD88","RTK-GPS","estuarine","measurement","emergent","field observation","low","field observation","core depth limited by length of corer","mangrove",30.0117694444444,-81.3441666666667
"Fell_et_al_2021","GTMNERRNorthern","SG3GW",4,5,"SG3GW_5",0.564088873464103,0.045,"EA",0.04,0.05,"individual",2018,5,25,30.0117777777778,-81.3442472222222,"handheld",0.4206,"NAVD88","RTK-GPS",NA,NA,"emergent","field observation","low","field observation","core depth limited by length of corer","mangrove",30.0117777777778,-81.3442472222222
"Fell_et_al_2021","GTMNERRNorthern","SG3GW",14,15,"SG3GW_15",0.545475692468587,0.057,"EA",0.14,0.15,"individual",2018,5,25,30.0117777777778,-81.3442472222222,"handheld",0.4206,"NAVD88","RTK-GPS",NA,NA,"emergent","field observation","low","field observation","core depth limited by length of corer","mangrove",30.0117777777778,-81.3442472222222
"Fell_et_al_2021","GTMNERRNorthern","SG3GW",29,30,"SG3GW_30",0.50248185018613,0.014,"EA",0.29,0.3,"individual",2018,5,25,30.0117777777778,-81.3442472222222,"handheld",0.4206,"NAVD88","RTK-GPS",NA,NA,"emergent","field observation","low","field observation","core depth limited by length of corer","mangrove",30.0117777777778,-81.3442472222222
"Fell_et_al_2021","GTMNERRNorthern","SG4GW",4,5,"SG4GW_5",0.721452211034125,0.059,"EA",0.04,0.05,"individual",2018,5,25,30.0117027777778,-81.3442444444444,"handheld",0.430822222,"NAVD88","RTK-GPS","estuarine","measurement","emergent","field observation","low","field observation","core depth limited by length of corer","mangrove",30.0117027777778,-81.3442444444444
"Fell_et_al_2021","GTMNERRNorthern","SG4GW",14,15,"SG4GW_15",0.740450166446789,0.063,"EA",0.14,0.15,"individual",2018,5,25,30.0117027777778,-81.3442444444444,"handheld",0.430822222,"NAVD88","RTK-GPS","estuarine","measurement","emergent","field observation","low","field observation","core depth limited by length of corer","mangrove",30.0117027777778,-81.3442444444444
"Fell_et_al_2021","GTMNERRNorthern","SG4GW",29,30,"SG4GW_30",0.398688364979579,0.011,"EA",0.29,0.3,"individual",2018,5,25,30.0117027777778,-81.3442444444444,"handheld",0.430822222,"NAVD88","RTK-GPS","estuarine","measurement","emergent","field observation","low","field observation","core depth limited by length of corer","mangrove",30.0117027777778,-81.3442444444444
"Fell_et_al_2021","GTMNERRNorthern","SG5GW",4,5,"SG5GW_5",NA,NA,"EA",0.04,0.05,"individual",2018,5,25,30.0112,-81.3440222222222,"handheld",0.4423,"NAVD88","RTK-GPS",NA,NA,"emergent","field observation","low","field observation","core depth limited by length of corer","mangrove",30.0112,-81.3440222222222
"Fell_et_al_2021","GTMNERRNorthern","SG5GW",14,15,"SG5GW_15",NA,NA,"EA",0.14,0.15,"individual",2018,5,25,30.0112,-81.3440222222222,"handheld",0.4423,"NAVD88","RTK-GPS",NA,NA,"emergent","field observation","low","field observation","core depth limited by length of corer","mangrove",30.0112,-81.3440222222222
"Fell_et_al_2021","GTMNERRNorthern","SG5GW",29,30,"SG5GW_30",NA,NA,"EA",0.29,0.3,"individual",2018,5,25,30.0112,-81.3440222222222,"handheld",0.4423,"NAVD88","RTK-GPS",NA,NA,"emergent","field observation","low","field observation","core depth limited by length of corer","mangrove",30.0112,-81.3440222222222
"Fell_et_al_2021","GTMNERRNorthern","SG6GW",4,5,"SG6GW_5",0.564538802329267,0.025,"EA",0.04,0.05,"individual",2018,5,25,30.0112194444444,-81.3439777777778,"handheld",0.41571111,"NAVD88","RTK-GPS","estuarine","measurement","emergent","field observation","low","field observation","core depth limited by length of corer","mangrove",30.0112194444444,-81.3439777777778
"Fell_et_al_2021","GTMNERRNorthern","SG6GW",14,15,"SG6GW_15",0.451242789648614,0.013,"EA",0.14,0.15,"individual",2018,5,25,30.0112194444444,-81.3439777777778,"handheld",0.41571111,"NAVD88","RTK-GPS","estuarine","measurement","emergent","field observation","low","field observation","core depth limited by length of corer","mangrove",30.0112194444444,-81.3439777777778
"Fell_et_al_2021","GTMNERRNorthern","SG6GW",29,30,"SG6GW_30",0.612429967775148,0.026,"EA",0.29,0.3,"individual",2018,5,25,30.0112194444444,-81.3439777777778,"handheld",0.41571111,"NAVD88","RTK-GPS","estuarine","measurement","emergent","field observation","low","field observation","core depth limited by length of corer","mangrove",30.0112194444444,-81.3439777777778
"Fell_et_al_2021","GTMNERRNorthern","SG1GC",4,5,"SG1GC_5",0.573951000043927,0.061,"EA",0.04,0.05,"individual",2018,5,25,30.0120361111111,-81.3444861111111,"handheld",0.400956,"NAVD88","RTK-GPS",NA,NA,"emergent","field observation","low","field observation","core depth limited by length of corer","mangrove",30.0120361111111,-81.3444861111111
"Fell_et_al_2021","GTMNERRNorthern","SG1GC",14,15,"SG1GC_15",0.676306594618114,NA,"EA",0.14,0.15,"individual",2018,5,25,30.0120361111111,-81.3444861111111,"handheld",0.400956,"NAVD88","RTK-GPS",NA,NA,"emergent","field observation","low","field observation","core depth limited by length of corer","mangrove",30.0120361111111,-81.3444861111111
"Fell_et_al_2021","GTMNERRNorthern","SG1GC",29,30,"SG1GC_30",0.906751518543839,0.059,"EA",0.29,0.3,"individual",2018,5,25,30.0120361111111,-81.3444861111111,"handheld",0.400956,"NAVD88","RTK-GPS",NA,NA,"emergent","field observation","low","field observation","core depth limited by length of corer","mangrove",30.0120361111111,-81.3444861111111
"Fell_et_al_2021","GTMNERRNorthern","SG2GC",4,5,"SG2GC_5",0.670653403882161,0.053,"EA",0.04,0.05,"individual",2018,5,25,30.0117472222222,-81.3442194444444,"handheld",0.421244,"NAVD88","RTK-GPS","saline","measurement","emergent","field observation","low","field observation","core depth limited by length of corer","mangrove",30.0117472222222,-81.3442194444444
"Fell_et_al_2021","GTMNERRNorthern","SG2GC",14,15,"SG2GC_15",0.545929767778718,NA,"EA",0.14,0.15,"individual",2018,5,25,30.0117472222222,-81.3442194444444,"handheld",0.421244,"NAVD88","RTK-GPS","saline","measurement","emergent","field observation","low","field observation","core depth limited by length of corer","mangrove",30.0117472222222,-81.3442194444444
"Fell_et_al_2021","GTMNERRNorthern","SG2GC",29,30,"SG2GC_30",NA,NA,"EA",0.29,0.3,"individual",2018,5,25,30.0117472222222,-81.3442194444444,"handheld",0.421244,"NAVD88","RTK-GPS","saline","measurement","emergent","field observation","low","field observation","core depth limited by length of corer","mangrove",30.0117472222222,-81.3442194444444
"Fell_et_al_2021","GTMNERRNorthern","SG3GC",4,5,"SG3GC_5",0.644066767995047,0.066,"EA",0.04,0.05,"individual",2018,5,25,30.0117333333333,-81.3442611111111,"handheld",0.3894333333,"NAVD88","RTK-GPS",NA,NA,"emergent","field observation","low","field observation","core depth limited by length of corer","mangrove",30.0117333333333,-81.3442611111111
"Fell_et_al_2021","GTMNERRNorthern","SG3GC",14,15,"SG3GC_15",0.627087942829531,0.045,"EA",0.14,0.15,"individual",2018,5,25,30.0117333333333,-81.3442611111111,"handheld",0.3894333333,"NAVD88","RTK-GPS",NA,NA,"emergent","field observation","low","field observation","core depth limited by length of corer","mangrove",30.0117333333333,-81.3442611111111
"Fell_et_al_2021","GTMNERRNorthern","SG3GC",29,30,"SG3GC_30",0.859379387693753,NA,"EA",0.29,0.3,"individual",2018,5,25,30.0117333333333,-81.3442611111111,"handheld",0.3894333333,"NAVD88","RTK-GPS",NA,NA,"emergent","field observation","low","field observation","core depth limited by length of corer","mangrove",30.0117333333333,-81.3442611111111
"Fell_et_al_2021","GTMNERRNorthern","SG4GC",4,5,"SG4GC_5",0.725921029359745,0.077,"EA",0.04,0.05,"individual",2018,5,25,30.0115611111111,-81.3441805555556,"handheld",0.4583777778,"NAVD88","RTK-GPS",NA,NA,"emergent","field observation","low","field observation","core depth limited by length of corer","mangrove",30.0115611111111,-81.3441805555556
"Fell_et_al_2021","GTMNERRNorthern","SG4GC",14,15,"SG4GC_15",0.744208367111554,0.063,"EA",0.14,0.15,"individual",2018,5,25,30.0115611111111,-81.3441805555556,"handheld",0.4583777778,"NAVD88","RTK-GPS",NA,NA,"emergent","field observation","low","field observation","core depth limited by length of corer","mangrove",30.0115611111111,-81.3441805555556
"Fell_et_al_2021","GTMNERRNorthern","SG4GC",29,30,"SG4GC_30",0.423438214448546,0.009,"EA",0.29,0.3,"individual",2018,5,25,30.0115611111111,-81.3441805555556,"handheld",0.4583777778,"NAVD88","RTK-GPS",NA,NA,"emergent","field observation","low","field observation","core depth limited by length of corer","mangrove",30.0115611111111,-81.3441805555556
"Fell_et_al_2021","GTMNERRNorthern","SG5GC",4,5,"SG5GC_5",NA,NA,"EA",0.04,0.05,"individual",2018,5,25,30.0112194444444,-81.3440583333333,"handheld",0.390056,"NAVD88","RTK-GPS",NA,NA,"emergent","field observation","low","field observation","core depth limited by length of corer","mangrove",30.0112194444444,-81.3440583333333
"Fell_et_al_2021","GTMNERRNorthern","SG5GC",14,15,"SG5GC_15",NA,NA,"EA",0.14,0.15,"individual",2018,5,25,30.0112194444444,-81.3440583333333,"handheld",0.390056,"NAVD88","RTK-GPS",NA,NA,"emergent","field observation","low","field observation","core depth limited by length of corer","mangrove",30.0112194444444,-81.3440583333333
"Fell_et_al_2021","GTMNERRNorthern","SG5GC",29,30,"SG5GC_30",NA,NA,"EA",0.29,0.3,"individual",2018,5,25,30.0112194444444,-81.3440583333333,"handheld",0.390056,"NAVD88","RTK-GPS",NA,NA,"emergent","field observation","low","field observation","core depth limited by length of corer","mangrove",30.0112194444444,-81.3440583333333
"Fell_et_al_2021","GTMNERRNorthern","SG6GC",4,5,"SG6GC_5",0.623751766705756,0.024,"EA",0.04,0.05,"individual",2018,5,25,30.0112611111111,-81.3440555555556,"handheld",0.46112222,"NAVD88","RTK-GPS","estuarine","measurement","emergent","field observation","low","field observation","core depth limited by length of corer","mangrove",30.0112611111111,-81.3440555555556
"Fell_et_al_2021","GTMNERRNorthern","SG6GC",14,15,"SG6GC_15",0.575176103498721,0.024,"EA",0.14,0.15,"individual",2018,5,25,30.0112611111111,-81.3440555555556,"handheld",0.46112222,"NAVD88","RTK-GPS","estuarine","measurement","emergent","field observation","low","field observation","core depth limited by length of corer","mangrove",30.0112611111111,-81.3440555555556
"Fell_et_al_2021","GTMNERRNorthern","SG6GC",29,30,"SG6GC_30",0.573335268276903,NA,"EA",0.29,0.3,"individual",2018,5,25,30.0112611111111,-81.3440555555556,"handheld",0.46112222,"NAVD88","RTK-GPS","estuarine","measurement","emergent","field observation","low","field observation","core depth limited by length of corer","mangrove",30.0112611111111,-81.3440555555556
"Fell_et_al_2021","GTMNERRNorthern","SG1MW",4,5,"SG1MW_5",NA,NA,"EA",0.04,0.05,"individual",2018,5,25,30.0115805555556,-81.3443083333333,"handheld",0.4152777778,"NAVD88","RTK-GPS",NA,NA,"emergent","field observation","low","field observation","core depth limited by length of corer","mangrove",30.0115805555556,-81.3443083333333
"Fell_et_al_2021","GTMNERRNorthern","SG1MW",14,15,"SG1MW_15",NA,NA,"EA",0.14,0.15,"individual",2018,5,25,30.0115805555556,-81.3443083333333,"handheld",0.4152777778,"NAVD88","RTK-GPS",NA,NA,"emergent","field observation","low","field observation","core depth limited by length of corer","mangrove",30.0115805555556,-81.3443083333333
"Fell_et_al_2021","GTMNERRNorthern","SG1MW",29,30,"SG1MW_30",NA,NA,"EA",0.29,0.3,"individual",2018,5,25,30.0115805555556,-81.3443083333333,"handheld",0.4152777778,"NAVD88","RTK-GPS",NA,NA,"emergent","field observation","low","field observation","core depth limited by length of corer","mangrove",30.0115805555556,-81.3443083333333
"Fell_et_al_2021","GTMNERRNorthern","SG2MW",4,5,"SG2MW_5",NA,NA,"EA",0.04,0.05,"individual",2018,5,25,30.0117305555556,-81.3441027777778,"handheld",0.4285,"NAVD88","RTK-GPS","estuarine","measurement","emergent","field observation","low","field observation","core depth limited by length of corer","mangrove",30.0117305555556,-81.3441027777778
"Fell_et_al_2021","GTMNERRNorthern","SG2MW",14,15,"SG2MW_15",NA,NA,"EA",0.14,0.15,"individual",2018,5,25,30.0117305555556,-81.3441027777778,"handheld",0.4285,"NAVD88","RTK-GPS","estuarine","measurement","emergent","field observation","low","field observation","core depth limited by length of corer","mangrove",30.0117305555556,-81.3441027777778
"Fell_et_al_2021","GTMNERRNorthern","SG2MW",29,30,"SG2MW_30",0.532802625329626,0.008,"EA",0.29,0.3,"individual",2018,5,25,30.0117305555556,-81.3441027777778,"handheld",0.4285,"NAVD88","RTK-GPS","estuarine","measurement","emergent","field observation","low","field observation","core depth limited by length of corer","mangrove",30.0117305555556,-81.3441027777778
"Fell_et_al_2021","GTMNERRNorthern","SG3MW",4,5,"SG3MW_5",0.692255956477365,0.097,"EA",0.04,0.05,"individual",2018,5,25,30.0118472222222,-81.3443194444444,"handheld",0.42224,"NAVD88","RTK-GPS",NA,NA,"emergent","field observation","low","field observation","core depth limited by length of corer","mangrove",30.0118472222222,-81.3443194444444
"Fell_et_al_2021","GTMNERRNorthern","SG3MW",14,15,"SG3MW_15",0.588415734719237,0.049,"EA",0.14,0.15,"individual",2018,5,25,30.0118472222222,-81.3443194444444,"handheld",0.42224,"NAVD88","RTK-GPS",NA,NA,"emergent","field observation","low","field observation","core depth limited by length of corer","mangrove",30.0118472222222,-81.3443194444444
"Fell_et_al_2021","GTMNERRNorthern","SG3MW",29,30,"SG3MW_30",0.553771174782848,0.019,"EA",0.29,0.3,"individual",2018,5,25,30.0118472222222,-81.3443194444444,"handheld",0.42224,"NAVD88","RTK-GPS",NA,NA,"emergent","field observation","low","field observation","core depth limited by length of corer","mangrove",30.0118472222222,-81.3443194444444
"Fell_et_al_2021","GTMNERRNorthern","SG4MW",4,5,"SG4MW_5",0.659357991816182,0.055,"EA",0.04,0.05,"individual",2018,5,25,30.0116138888889,-81.3441444444444,"handheld",0.449988888,"NAVD88","RTK-GPS","saline","measurement","emergent","field observation","low","field observation","core depth limited by length of corer","mangrove",30.0116138888889,-81.3441444444444
"Fell_et_al_2021","GTMNERRNorthern","SG4MW",14,15,"SG4MW_15",0.740433249438652,0.067,"EA",0.14,0.15,"individual",2018,5,25,30.0116138888889,-81.3441444444444,"handheld",0.449988888,"NAVD88","RTK-GPS","saline","measurement","emergent","field observation","low","field observation","core depth limited by length of corer","mangrove",30.0116138888889,-81.3441444444444
"Fell_et_al_2021","GTMNERRNorthern","SG4MW",29,30,"SG4MW_30",0.417726979144141,0.009,"EA",0.29,0.3,"individual",2018,5,25,30.0116138888889,-81.3441444444444,"handheld",0.449988888,"NAVD88","RTK-GPS","saline","measurement","emergent","field observation","low","field observation","core depth limited by length of corer","mangrove",30.0116138888889,-81.3441444444444
"Fell_et_al_2021","GTMNERRNorthern","SG5MW",4,5,"SG5MW_5",0.69601028665331,0.035,"EA",0.04,0.05,"individual",2018,5,25,30.0113166666667,-81.34465,"handheld",0.4517,"NAVD88","RTK-GPS","estuarine","measurement","emergent","field observation","low","field observation","core depth limited by length of corer","mangrove",30.0113166666667,-81.34465
"Fell_et_al_2021","GTMNERRNorthern","SG5MW",14,15,"SG5MW_15",0.580140260503488,0.029,"EA",0.14,0.15,"individual",2018,5,25,30.0113166666667,-81.34465,"handheld",0.4517,"NAVD88","RTK-GPS","estuarine","measurement","emergent","field observation","low","field observation","core depth limited by length of corer","mangrove",30.0113166666667,-81.34465
"Fell_et_al_2021","GTMNERRNorthern","SG5MW",29,30,"SG5MW_30",0.533505890996164,0.019,"EA",0.29,0.3,"individual",2018,5,25,30.0113166666667,-81.34465,"handheld",0.4517,"NAVD88","RTK-GPS","estuarine","measurement","emergent","field observation","low","field observation","core depth limited by length of corer","mangrove",30.0113166666667,-81.34465
"Fell_et_al_2021","GTMNERRNorthern","SG6MW",4,5,"SG6MW_5",NA,NA,"EA",0.04,0.05,"individual",2018,5,25,30.0111777777778,-81.3439583333333,"handheld",0.4037,"NAVD88","RTK-GPS",NA,NA,"emergent","field observation","low","field observation","core depth limited by length of corer","mangrove",30.0111777777778,-81.3439583333333
"Fell_et_al_2021","GTMNERRNorthern","SG6MW",14,15,"SG6MW_15",NA,NA,"EA",0.14,0.15,"individual",2018,5,25,30.0111777777778,-81.3439583333333,"handheld",0.4037,"NAVD88","RTK-GPS",NA,NA,"emergent","field observation","low","field observation","core depth limited by length of corer","mangrove",30.0111777777778,-81.3439583333333
"Fell_et_al_2021","GTMNERRNorthern","SG6MW",29,30,"SG6MW_30",NA,NA,"EA",0.29,0.3,"individual",2018,5,25,30.0111777777778,-81.3439583333333,"handheld",0.4037,"NAVD88","RTK-GPS",NA,NA,"emergent","field observation","low","field observation","core depth limited by length of corer","mangrove",30.0111777777778,-81.3439583333333
"Fell_et_al_2021","GTMNERRNorthern","SG1MC",4,5,"SG1MC_5",0.732831509600496,0.094,"EA",0.04,0.05,"individual",2018,5,25,30.0119805555556,-81.3444638888889,"handheld",0.448655556,"NAVD88","RTK-GPS",NA,NA,"emergent","field observation","low","field observation","core depth limited by length of corer","mangrove",30.0119805555556,-81.3444638888889
"Fell_et_al_2021","GTMNERRNorthern","SG1MC",14,15,"SG1MC_15",0.705181532639223,0.076,"EA",0.14,0.15,"individual",2018,5,25,30.0119805555556,-81.3444638888889,"handheld",0.448655556,"NAVD88","RTK-GPS",NA,NA,"emergent","field observation","low","field observation","core depth limited by length of corer","mangrove",30.0119805555556,-81.3444638888889
"Fell_et_al_2021","GTMNERRNorthern","SG1MC",29,30,"SG1MC_30",0.429854039059446,0.013,"EA",0.29,0.3,"individual",2018,5,25,30.0119805555556,-81.3444638888889,"handheld",0.448655556,"NAVD88","RTK-GPS",NA,NA,"emergent","field observation","low","field observation","core depth limited by length of corer","mangrove",30.0119805555556,-81.3444638888889
"Fell_et_al_2021","GTMNERRNorthern","SG2MC",4,5,"SG2MC_5",0.689800104971759,0.038,"EA",0.04,0.05,"individual",2018,5,25,30.0116861111111,-81.3441194444444,"handheld",0.4319777778,"NAVD88","RTK-GPS","saline","measurement","emergent","field observation","low","field observation","core depth limited by length of corer","mangrove",30.0116861111111,-81.3441194444444
"Fell_et_al_2021","GTMNERRNorthern","SG2MC",14,15,"SG2MC_15",0.784534720962313,0.05,"EA",0.14,0.15,"individual",2018,5,25,30.0116861111111,-81.3441194444444,"handheld",0.4319777778,"NAVD88","RTK-GPS","saline","measurement","emergent","field observation","low","field observation","core depth limited by length of corer","mangrove",30.0116861111111,-81.3441194444444
"Fell_et_al_2021","GTMNERRNorthern","SG2MC",29,30,"SG2MC_30",0.472583029876764,NA,"EA",0.29,0.3,"individual",2018,5,25,30.0116861111111,-81.3441194444444,"handheld",0.4319777778,"NAVD88","RTK-GPS","saline","measurement","emergent","field observation","low","field observation","core depth limited by length of corer","mangrove",30.0116861111111,-81.3441194444444
"Fell_et_al_2021","GTMNERRNorthern","SG3MC",4,5,"SG3MC_5",0.785163880954116,0.051,"EA",0.04,0.05,"individual",2018,5,25,30.0118416666667,-81.34425,"handheld",0.4503,"NAVD88","RTK-GPS",NA,NA,"emergent","field observation","low","field observation","core depth limited by length of corer","mangrove",30.0118416666667,-81.34425
"Fell_et_al_2021","GTMNERRNorthern","SG3MC",14,15,"SG3MC_15",0.802209051596796,0.061,"EA",0.14,0.15,"individual",2018,5,25,30.0118416666667,-81.34425,"handheld",0.4503,"NAVD88","RTK-GPS",NA,NA,"emergent","field observation","low","field observation","core depth limited by length of corer","mangrove",30.0118416666667,-81.34425
"Fell_et_al_2021","GTMNERRNorthern","SG3MC",29,30,"SG3MC_30",0.292176777168439,0.016,"EA",0.29,0.3,"individual",2018,5,25,30.0118416666667,-81.34425,"handheld",0.4503,"NAVD88","RTK-GPS",NA,NA,"emergent","field observation","low","field observation","core depth limited by length of corer","mangrove",30.0118416666667,-81.34425
"Fell_et_al_2021","GTMNERRNorthern","SG4MC",4,5,"SG4MC_5",0.71082075226978,0.073,"EA",0.04,0.05,"individual",2018,5,25,30.0116472222222,-81.3442083333333,"handheld",0.43082222222,"NAVD88","RTK-GPS","saline","measurement","emergent","field observation","low","field observation","core depth limited by length of corer","mangrove",30.0116472222222,-81.3442083333333
"Fell_et_al_2021","GTMNERRNorthern","SG4MC",14,15,"SG4MC_15",0.810377637806163,0.097,"EA",0.14,0.15,"individual",2018,5,25,30.0116472222222,-81.3442083333333,"handheld",0.43082222222,"NAVD88","RTK-GPS","saline","measurement","emergent","field observation","low","field observation","core depth limited by length of corer","mangrove",30.0116472222222,-81.3442083333333
"Fell_et_al_2021","GTMNERRNorthern","SG4MC",29,30,"SG4MC_30",0.477356526896244,NA,"EA",0.29,0.3,"individual",2018,5,25,30.0116472222222,-81.3442083333333,"handheld",0.43082222222,"NAVD88","RTK-GPS","saline","measurement","emergent","field observation","low","field observation","core depth limited by length of corer","mangrove",30.0116472222222,-81.3442083333333
"Fell_et_al_2021","GTMNERRNorthern","SG5MC",4,5,"SG5MC_5",0.858918551502667,0.054,"EA",0.04,0.05,"individual",2018,5,25,30.01125,-81.3440972222222,"handheld",0.4423,"NAVD88","RTK-GPS",NA,NA,"emergent","field observation","low","field observation","core depth limited by length of corer","mangrove",30.01125,-81.3440972222222
"Fell_et_al_2021","GTMNERRNorthern","SG5MC",14,15,"SG5MC_15",0.753231417542025,0.032,"EA",0.14,0.15,"individual",2018,5,25,30.01125,-81.3440972222222,"handheld",0.4423,"NAVD88","RTK-GPS",NA,NA,"emergent","field observation","low","field observation","core depth limited by length of corer","mangrove",30.01125,-81.3440972222222
"Fell_et_al_2021","GTMNERRNorthern","SG5MC",29,30,"SG5MC_30",0.40555617091403,NA,"EA",0.29,0.3,"individual",2018,5,25,30.01125,-81.3440972222222,"handheld",0.4423,"NAVD88","RTK-GPS",NA,NA,"emergent","field observation","low","field observation","core depth limited by length of corer","mangrove",30.01125,-81.3440972222222
"Fell_et_al_2021","GTMNERRNorthern","SG6MC",4,5,"SG6MC_5",0.797749591523911,0.047,"EA",0.04,0.05,"individual",2018,5,25,30.0112166666667,-81.343925,"handheld",0.415711111,"NAVD88","RTK-GPS","estuarine","measurement","emergent","field observation","low","field observation","core depth limited by length of corer","mangrove",30.0112166666667,-81.343925
"Fell_et_al_2021","GTMNERRNorthern","SG6MC",14,15,"SG6MC_15",0.751947761527797,0.037,"EA",0.14,0.15,"individual",2018,5,25,30.0112166666667,-81.343925,"handheld",0.415711111,"NAVD88","RTK-GPS","estuarine","measurement","emergent","field observation","low","field observation","core depth limited by length of corer","mangrove",30.0112166666667,-81.343925
"Fell_et_al_2021","GTMNERRNorthern","SG6MC",29,30,"SG6MC_30",0.492483446843067,0.009,"EA",0.29,0.3,"individual",2018,5,25,30.0112166666667,-81.343925,"handheld",0.415711111,"NAVD88","RTK-GPS","estuarine","measurement","emergent","field observation","low","field observation","core depth limited by length of corer","mangrove",30.0112166666667,-81.343925
"Fell_et_al_2021",NA,NA,NA,NA,NA,NA,0.048,"EA",NA,NA,"individual",NA,NA,NA,NA,NA,NA,NA,NA,NA,NA,NA,NA,NA,NA,NA,NA,"mangrove",NA,NA
